{
  "middleware.ts": 1775858310.590192,
  "next.config.js": 1775856802.4946861,
  "next-env.d.ts": 1775857193.728623,
  "tailwind.config.ts": 1775856808.2164683,
  "eslint.config.js": 1775855059.2658167,
  "vite.config.ts": 1775855059.2773473,
  "postcss.config.js": 1775856812.5981853,
  "types/flashcard.ts": 1775857991.5701897,
  "app/layout.tsx": 1775858582.1000812,
  "app/page.tsx": 1775856921.3646035,
  "app/flashcards/page.tsx": 1775858287.5107102,
  "app/signup/page.tsx": 1775856956.4539735,
  "app/dashboard/LogoutButton.tsx": 1775856963.7688801,
  "app/dashboard/page.tsx": 1775858317.68969,
  "app/login/page.tsx": 1775856938.731349,
  "server/db.js": 1775857005.3877053,
  "server/index.js": 1775857025.4049256,
  "server/routes/auth.js": 1775857019.5223594,
  "components/Hero.tsx": 1775858601.4753048,
  "components/Navbar.tsx": 1775856862.6453092,
  "components/Features.tsx": 1775856897.82954,
  "components/Footer.tsx": 1775856916.773216,
  "components/CTABanner.tsx": 1775856908.760759,
  "components/ui/ConfirmDialog.tsx": 1775858084.7492545,
  "components/ui/ImageUpload.tsx": 1775858104.327212,
  "components/ui/Button.tsx": 1775858049.7037263,
  "components/ui/Modal.tsx": 1775858064.6797564,
  "components/ui/EmptyState.tsx": 1775858090.636643,
  "components/ui/Textarea.tsx": 1775858078.64052,
  "components/ui/Input.tsx": 1775858071.5250034,
  "components/flashcard/SplashPage.tsx": 1775858264.469697,
  "components/flashcard/study/StudySession.tsx": 1775858243.699251,
  "components/flashcard/study/ModeSelector.tsx": 1775858208.5684385,
  "components/flashcard/cards/CardList.tsx": 1775858195.9217687,
  "components/flashcard/cards/CardItem.tsx": 1775858158.4232318,
  "components/flashcard/cards/CardForm.tsx": 1775858174.5632951,
  "components/flashcard/boxes/BoxList.tsx": 1775858143.135144,
  "components/flashcard/boxes/BoxCard.tsx": 1775858119.037293,
  "components/flashcard/boxes/BoxForm.tsx": 1775858127.5314815,
  "hooks/useBoxes.ts": 1775858026.519504,
  "hooks/useCards.ts": 1775858037.69855,
  "lib/flashcard/study.ts": 1775858017.9297884,
  "lib/flashcard/helpers.ts": 1775857999.6532457,
  "lib/flashcard/storage.ts": 1775858007.5839806,
  "src/App.tsx": 1775855059.2678726,
  "src/main.tsx": 1775855059.2740917,
  "src/types/index.ts": 1775855059.2743373,
  "src/utils/study.ts": 1775855059.2767034,
  "src/utils/helpers.ts": 1775855059.2747126,
  "src/utils/storage.ts": 1775855059.2748663,
  "src/components/ui/ConfirmDialog.tsx": 1775855059.2721565,
  "src/components/ui/ImageUpload.tsx": 1775855059.2725277,
  "src/components/ui/Button.tsx": 1775855059.2719924,
  "src/components/ui/Modal.tsx": 1775855059.272854,
  "src/components/ui/EmptyState.tsx": 1775855059.2723544,
  "src/components/ui/Textarea.tsx": 1775855059.2730005,
  "src/components/ui/Input.tsx": 1775855059.2726874,
  "src/components/splash/SplashPage.tsx": 1775855059.2711692,
  "src/components/study/StudySession.tsx": 1775855059.2717626,
  "src/components/study/ModeSelector.tsx": 1775855059.2714517,
  "src/components/cards/CardList.tsx": 1775855059.2706969,
  "src/components/cards/CardItem.tsx": 1775855059.2704556,
  "src/components/cards/CardForm.tsx": 1775855059.270028,
  "src/components/boxes/BoxList.tsx": 1775855059.269714,
  "src/components/boxes/BoxCard.tsx": 1775855059.269358,
  "src/components/boxes/BoxForm.tsx": 1775855059.2695568,
  "src/hooks/useBoxes.ts": 1775855059.2732713,
  "src/hooks/useCards.ts": 1775855059.2737024,
  "README.md": 1775855059.2656455,
  "CLAUDE.md": 1775947060.4237857,
  "public/icons.svg": 1775855059.2674296,
  "public/favicon.svg": 1775855059.26716,
  "src/assets/hero.png": 1775855059.2682161,
  "src/assets/vite.svg": 1775855059.2688434,
  "src/assets/react.svg": 1775855059.268488
}